true_label,prediction_score
1,0.1899042
0,0.6893884
1,0.9946451
0,0.6483174
1,0.5940064
0,0.7228445
1,0.4169737
0,0.8089413
0,0.8057234
0,0.8057234
0,0.7988946
0,0.8057234
1,0.3410219
0,0.731098
1,0.9764677
0,0.9913535
0,0.99155
0,0.9945959
1,0.9876197
0,0.9725129
0,0.9780889
0,0.9769099
1,0.410759
0,0.4204618
0,0.4072218
1,0.9882584
0,0.985802
0,0.983886
0,0.9838369
0,0.9837141
1,0.9653893
0,0.8826087
1,0.3119381
0,0.7398674
1,0.1985999
0,0.2377794
