true_label,prediction_score
1,0.028333333
0,0.021666667
1,0.030833333
0,0.035833333
1,0.02
0,0.016666667
1,0.015833333
0,0.024166667
0,0.024166667
0,0.023333333
0,0.024166667
0,0.023333333
1,0.0175
0,0.026666667
1,0.029166667
0,0.018333333
0,0.025
0,0.025
1,0.033333333
0,0.026666667
0,0.038333333
0,0.0275
1,0.036666667
0,0.0325
0,0.034166667
1,0.026666667
0,0.021666667
0,0.023333333
0,0.023333333
0,0.0225
1,0.030833333
0,0.0125
1,0.025
0,0.0125
1,0.015833333
0,0.019166667
