true_label,prediction_score
1,0.71396
0,0.36086
1,0.90568
0,0.75808
1,0.54856
0,0.07926
1,0.71598
0,0.50224
0,0.49882
0,0.5167
0,0.51878
0,0.52226
1,0.63464
0,0.56512
1,0.95156
0,0.89734
0,0.88044
0,0.76352
1,0.91218
0,0.48738
0,0.56192
0,0.55236
1,0.6517
0,0.65552
0,0.64522
1,0.87058
0,0.61658
0,0.65894
0,0.64792
0,0.62664
1,0.72978
0,0.55532
1,0.82928
0,0.3083
1,0.55788
0,0.56526
