true_label,prediction_score
1,0.97295827
0,0.15742762
1,0.98119384
0,0.8451439
1,0.61766875
0,0.1584117
1,0.27938226
0,0.26222417
0,0.17522332
0,0.118206166
0,0.16806719
0,0.16136515
1,0.2323567
0,0.294488
1,0.96604216
0,0.7102426
0,0.7032927
0,0.9099094
1,0.98955125
0,0.23838139
0,0.33988106
0,0.5137397
1,0.30340892
0,0.3763147
0,0.36844882
1,0.99042904
0,0.7757739
0,0.6325245
0,0.5084611
0,0.5517405
1,0.82668036
0,0.14831552
1,0.89425343
0,0.11163779
1,0.6964985
0,0.5075689
